Cooperative,FacilityID
ELTORO,I01-11216-1 (I02P13)
ELTORO,I01-11216-2 (I02P12)
ELTORO,I01-11216-3
ELTORO,I01-11216-4 (I02P14)
ELTORO,I01-11217-1
ELTORO,I01-11343-1
ELTORO,I01-11343-2 (I02P18)
ELTORO,I01-11502-2
ELTORO,J01-10004-1 (J01P01)
ELTORO,J01-10004-2
ELTORO,J01-10006-1
ELTORO,J01-10006-2
ELTORO,J01-10006-3
ELTORO,J01-9046-1
ELTORO,J01-9046-2
ELTORO,J01-9046-3
ELTORO,J01-9048-1
ELTORO,J01-9058-1
ELTORO,J01-9066-1 (J01P04)
ELTORO,J01-9066-2 (J01P03)
ELTORO,J01-9066-3
ELTORO,J01-9259-3
ELTORO,J01-9264-1 (J01P06)
ELTORO,J01-9273-1
ELTORO,J01-9275-1
ELTORO,J01-9275-2
ELTORO,J01-9275-3
ELTORO,J01-9349-1
ELTORO,J01-9349-2
ELTORO,J01-9349-3
ELTORO,J01-9359-1 (J01P32)
ELTORO,J01-9359-2
ELTORO,J01-9377-1
ELTORO,J01-9377-2 (J01TBN8)
ELTORO,J01-9782-1 (J01TBN3)
ELTORO,J01-9785-1
ELTORO,J05-9800-2
ELTORO,J06-10011-1 (J06P01)
ELTORO,J06-9079-1 (J06P03)
ELTORO,J06-9362-1 (J06-03)
ELTORO,J07-10013-1
ELTORO,J07-9019-1
ELTORO,J07-9019-2
ELTORO,J07-9019-3
ELTORO,J07-9019-5
ELTORO,J07-9022-1
ELTORO,J07-9022-2
ELTORO,J07-9022-3
ELTORO,J07-9022-4
ELTORO,J07-9022-5
ELTORO,J07-9022-6
ELTORO,J07-9109-1
ELTORO,J07-9109-2
ELTORO,J07-9109-3
ELTORO,J07-9109-4 (J07P02)
ELTORO,J07-9110-1
ELTORO,J07-9110-2
ELTORO,J07-9110-3
ELTORO,J07-9110-4
ELTORO,L01-335-1
ELTORO,L01-335-2
ELTORO,L02-344-1
ELTORO,L02-344-2
ELTORO,L03-074-2
ELTORO,L03-214-1
ELTORO,L03-214-2 (L03P18)
ELTORO,L03-214-3 (L03P15)
ELTORO,L03-240-1 
ELTORO,L03-241-1 
ELTORO,L03-241-2
ELTORO,L03-241-3 
ELTORO,L03-241-4 (L03P14)
ELTORO,L03-241-5 (L03P27)
ELTORO,L03-241-6
ELTORO,L03-241-7
ELTORO,L03-241-8
ELTORO,L03-281-1
ELTORO,L03-281-2
ELTORO,L03-316-1
ELTORO,L03-316-2
ELTORO,L03-316-3 (L03P12)
ELTORO,L03-316-4 (L03P12)
ELTORO,L03-662-1
ELTORO,L03-662-2
ELTORO,L03-662-3 (L03P16)
ELTORO,L03-662-4
ELTORO,L03-662-5
ELTORO,L03-662-6
ELTORO,L03-691-1 (L03P09)
ELTORO,L03-693-1 (L03P11)
ELTORO,L04-136-1 (L04P07)
ELTORO,L04-136-1u (L04P07)
ELTORO,L04-232-1
ELTORO,L04-266-1
ELTORO,L04-266-2
ELTORO,L04-266-3
ELTORO,L04-266-4
ELTORO,L04-266-5
ELTORO,L04-266-6 (L04P08)
ELTORO,L04-266-7
ELTORO,L04-301-1 (L04P08)
ELTORO,L04-672-1
LAGUNABEACH,DP02-12131-1
LAGUNABEACH,DP04-12015-1
LAGUNABEACH,DP04-12015-2
LAGUNABEACH,DP04-12015-3
LAGUNABEACH,I00-11437-1
LAGUNABEACH,I00-11453-1
LAGUNABEACH,I00-11468-1
LAGUNABEACH,I00-11518-1
LAGUNABEACH,I00-11518-2
LAGUNABEACH,I01-11010-1
LAGUNABEACH,I01-11010-2
LAGUNABEACH,I01-11015-1
LAGUNABEACH,I01-11015-2
LAGUNABEACH,I01-11015-3
LAGUNABEACH,I01-11021-1
LAGUNABEACH,I01-11023-1
LAGUNABEACH,I01-11023-2
LAGUNABEACH,I01-11023-3
LAGUNABEACH,I01-11023-4
LAGUNABEACH,I01-11023-5
LAGUNABEACH,I01-11023-6
LAGUNABEACH,I01-11059-1
LAGUNABEACH,I01-11059-2
LAGUNABEACH,I01-11059-3
LAGUNABEACH,I01-11065-1
LAGUNABEACH,I01-11077-1
LAGUNABEACH,I01-11077-2
LAGUNABEACH,I01-11093-1
LAGUNABEACH,I01-11093-2
LAGUNABEACH,I01-11109-1
LAGUNABEACH,I01-11109-2
LAGUNABEACH,I01-11195-1
LAGUNABEACH,I01-11195-2
LAGUNABEACH,I01-11487-1
LAGUNABEACH,I01-11487-2
LAGUNABEACH,I01-11502-1
LAGUNABEACH,I01-11503-1
LAGUNABEACH,I01-11503-2
LAGUNABEACH,I01-11503-3
LAGUNABEACH,I01-11503-4
LAGUNABEACH,LC01-11446-1
LAGUNABEACH,LC01-11480-1
LAGUNABEACH,LC02-11506-1
LAGUNABEACH,LC02-11508-1
LAGUNABEACH,LC02-11508-2
LAGUNABEACH,LC02-11508-3
LAGUNABEACH,LC03-11455-1
LAGUNABEACH,LC03-11515-1
LAGUNABEACH,LC04-11199-1
LAGUNABEACH,LC05-11017-1
LAGUNABEACH,LC05-11017-2
LAGUNABEACH,LC05-11017-3
LAGUNABEACH,LC06-11019-1
LAGUNABEACH,LC06-11019-2
LAGUNABEACH,LC06-11019-3
LAGUNABEACH,LC06-11509-1
LAGUNABEACH,LC06-11509-2
PALISADES,DP01-12020-1
PALISADES,DP01-12022-1
PALISADES,DP01-12022-2
PALISADES,DP01-12022-3
PALISADES,DP06-12106-1
PALISADES,K01-12018-1
PALISADES,K01-12126-1 (K01S01)
PALISADES,K01-12159-1 (K01P02)
PALISADES,K01-12159-2
PALISADES,K01-12159-3
PALISADES,L00-12094-1 (L00P01)
PALISADES,L00-12094-1d
PALISADES,L00-12095-1
PALISADES,L00-12107-1
PALISADES,L00-12107-2
PALISADES,L00-12107-3
PALISADES,L00-12107-4
PALISADES,L01-458-1
PALISADES,L01-471-1
PALISADES,L01-494-1
PALISADES,L01-514-1
PALISADES,L01-517-1
PALISADES,L01-517-2
PALISADES,L01-517-3
PALISADES,L01-517-4
PALISADES,L01-517-5
PALISADES,L01-517-6
PALISADES,L01-517-7
PALISADES,L01-517-8
PALISADES,L01-548-1
PALISADES,L01-551-1
PALISADES,L01-556-1
PALISADES,L01-579-1
PALISADES,L01-579-2
PALISADES,L01-601-1
PALISADES,L01-601-2
PALISADES,L01-602-1
PALISADES,L01-602-2
PALISADES,L01-613-1
PALISADES,L01-613-2
PALISADES,L01-618-1
PALISADES,L01-618-2
PALISADES,L01-618-3
PALISADES,L01-618-4
PALISADES,L01-618-5 (L01S09)
PALISADES,L01-724-1 (L01S01)
PALISADES,L01-724-2 
PALISADES,L01-724-3
PALISADES,L01-724-4 (L01P03)
PALISADES,L01-724-5
PALISADES,L01-726-1
PALISADES,L01-726-2
PALISADES,L01-726-3
PALISADES,L01-726-4
PALISADES,L01-726-5
PALISADES,L01-726-6
PALISADES,L01-726-7
PALISADES,L01-726-8
PALISADES,L01-726-9
PALISADES,L01-727-1 (L01S04)
PALISADES,L01-727-2
PALISADES,L01-727-3
PALISADES,L01-728-1
PALISADES,L01-728-2
PALISADES,L01-728-3 (L01S02)
PALISADES,L01-728-4 
PALISADES,L01-728-5 (L01-DP)
PALISADES,L01-728-6
PALISADES,L01-728-7 (L01S03)
PALISADES,L01-728-8
PALISADES,L01-728-8d
PALISADES,L01-728-9
PALISADES,L01-747-1
PALISADES,L01-747-2
PALISADES,L01-748-1
PALISADES,L01-748-2
PALISADES,L01-749-1
PALISADES,L01-749-2
PALISADES,L01-749-2d
PALISADES,L01-749-3
PALISADES,L01-749-4
PALISADES,L01-749-5
PALISADES,L01-766-1
PALISADES,L01-766-2 (L01S06)
PALISADES,L01-766-3
PALISADES,L01-766-4
PALISADES,L01-766-5
PALISADES,L01-766-6
PALISADES,L01-766-7
PALISADES,L01-766-8
PALISADES,L01-766-9
PALISADES,L02-541-1
PALISADES,L02-541-10
PALISADES,L02-541-2
PALISADES,L02-541-3
PALISADES,L02-541-4
PALISADES,L02-541-5
PALISADES,L02-541-6
PALISADES,L02-541-7
PALISADES,L02-541-8
PALISADES,L02-541-9 (L02P02)
PALISADES,L02-571-1
PALISADES,L02-571-2
PALISADES,L02-571-3
PALISADES,L02-571-4
PALISADES,L02-571-5 (L02TBN2)
PALISADES,L02-571-6
PALISADES,L05-503-1
PALISADES,M00.1-070-1
PALISADES,M00.1-070-2
PALISADES,M00.1-070-3
PALISADES,M00.1-070-4
PALISADES,M00.1-070-5
PALISADES,M00.1-070-6
PALISADES,M00.1-071-1 (M00S04)
PALISADES,M00.1-071-2 (M00S04)
PALISADES,M00.1-071-3 (M00S04)
PALISADES,M00.1-071-4 (M00S04)
PALISADES,M00.2-066-1 (M00S07)
PALISADES,M00.3-169-1
PALISADES,M00.3-169-2
PALISADES,M00.3-169-3
PALISADES,M01-002-1
PALISADES,M01-003-1
PALISADES,M01-003-2
PALISADES,M01-008-1
PALISADES,M01-010-1
PALISADES,M01-010-2
PALISADES,M01-010-3
PALISADES,M01-014-1
PALISADES,M01-038-1
PALISADES,M01-038-2
PALISADES,M01-038-3
PALISADES,M01-038-4
PALISADES,M01-038-5
PALISADES,M01-038-6
PALISADES,M01-042-1 (M01S01)
PALISADES,M01-047-1
PALISADES,M01-050-1
PALISADES,M01-050-2
PALISADES,M01-050-4 (M01@CGV)
PALISADES,M01-050-5
PALISADES,M01-050-6
PALISADES,M01-050-7
PALISADES,M01-050-8
PALISADES,M01-060-3
PALISADES,M01-088-1
PALISADES,M01-089-1
PALISADES,M01-092-1
PALISADES,M01-095-1
PALISADES,M01-095-2
PALISADES,M01-095-3
PALISADES,M01-096-1
PALISADES,M01-099-1
PALISADES,M01-124-1
PALISADES,M01-124-2
PALISADES,M01-124-3
PALISADES,M01-124-4
PALISADES,M01-124-5
PALISADES,M01-168-1 (M00P03)
PALISADES,M01-168-1d (M00P03)
PALISADES,M01-168-2 (M00P03)
PALISADES,M01-168-2d (M00P03)
PALISADES,M02-013-1
PALISADES,M02-013-2
PALISADES,M02-015-1
PALISADES,M02-028-1 (M02P08)
PALISADES,M02-028-2 (M02P08)
PALISADES,M02-029-1
PALISADES,M02-032-1
PALISADES,M02-041-1
PALISADES,M02-041-2
PALISADES,M02-052-1
PALISADES,M02-052-2
PALISADES,M02-052-3
PALISADES,M02-052-4
PALISADES,M02-056-1
PALISADES,M02-056-2
PALISADES,M02-061-1
PALISADES,M02-061-2
PALISADES,M02-061-3
PALISADES,M02-061-4 (SCBS@M02)
PALISADES,M02-061-5
PALISADES,M02-061-6
PALISADES,M02-061-6
PALISADES,M02-061-7
PALISADES,M02-061-8
PALISADES,M02-077-1
PALISADES,M02-085-1 (M02P06)
PALISADES,M02-085-2
PALISADES,M02-086-1
PALISADES,M02-101-1
PALISADES,M02-102-1
PALISADES,M02-142-1
PALISADES,M02-142-2
PALISADES,SC01-077-1
PALISADES,SC01-077-2
PALISADES,SC02-072-1
PALISADES,SC02-072-2
PALISADES,SC02-072-3
PALISADES,SC02-072-4
PALISADES,SC03-067-1
PALISADES,SC03-067-2
PALISADES,SC04-090-1 (M00S05)
PALISADES,SC04-090-2 (M00S05)
PALISADES,SC04-111-1
PALISADES,SC05-073-1
PALISADES,SC05-073-2
PALISADES,SC05-073-3
PALISADES,SC06-146-1 (M00P02)
PALISADES,SC06-146-2 (M00P02)
PALISADES,SC07-079-1
PALISADES,SC07-079-2
PALISADES,SC07-079-3
PALISADES,SC07-079-4
PALISADES,SC07-079-5
PALISADES,SC07-079-6
PALISADES,SC09-081-1
PALISADES,SC09-081-2
PALISADES,SC09-081-2d
PALISADES,SC10-075-1 (M00P05)
PALISADES,SC10-075-2
PALISADES,SC10-075-3 (M00S01)
PALISADES,SC11-026-1 (M00P01)
PALISADES,SC11-035-1
PALISADES,SC11-035-1d
PALISADES,SC11-035-2
PALISADES,SC11-035-2d
PALISADES,SC11-035-3
PALISADES,SC11-035-3d
PALISADES,SC11-035-4
PALISADES,SC11-035-5
PALISADES,SC11-130-1
PALISADES,SC11-130-2
PALISADES,SC12-068-1
PALISADES,SC12-068-2
PALISADES,SC12-068-3
PALISADES,SC12-068-4
PALISADES,SC12-068-5
PALISADES,SM01-086-1 (M03P01)
PALISADES,SM01-086-2
SULPHURCREEK,DP05-12190-1
SULPHURCREEK,J01-10017-1 (J01TBN4)
SULPHURCREEK,J01-10018-1 (J01TBN5)
SULPHURCREEK,J01-10019-1 (J01P33)
SULPHURCREEK,J01-10019-2 (J01TBN6)
SULPHURCREEK,J01-10041-1
SULPHURCREEK,J01-10041-2 (J03P13)
SULPHURCREEK,J01-9005-1 (J03P05)
SULPHURCREEK,J01-9005-2 (J03P05)
SULPHURCREEK,J01-9005-3
SULPHURCREEK,J01-9005-4
SULPHURCREEK,J01-9005-5
SULPHURCREEK,J01-9005-6
SULPHURCREEK,J01-9007-1 (J02P05)
SULPHURCREEK,J01-9008-1 (J01P30)
SULPHURCREEK,J01-9082-1
SULPHURCREEK,J01-9082-2
SULPHURCREEK,J01-9082-3
SULPHURCREEK,J01-9082-4
SULPHURCREEK,J01-9082-5 (J02P08)
SULPHURCREEK,J01-9096-1
SULPHURCREEK,J01-9096-2
SULPHURCREEK,J01-9096-3
SULPHURCREEK,J01-9131-1 (J01P28)
SULPHURCREEK,J01-9144-1 (J01P23)
SULPHURCREEK,J01-9144-2
SULPHURCREEK,J01-9144-3
SULPHURCREEK,J01-9144-4 (J01P26)
SULPHURCREEK,J01-9224-1 (J01P24)
SULPHURCREEK,J01-9224-2 (J01P25)
SULPHURCREEK,J01-9224-3 (J01TBN7)
SULPHURCREEK,J01-9311-1
SULPHURCREEK,J01-9313-1
SULPHURCREEK,J01-9364-1
SULPHURCREEK,J01-9364-2
SULPHURCREEK,J01-9364-3 (J01P21)
SULPHURCREEK,J01-9364-4
SULPHURCREEK,J01-9992-1 (J01P27)
SULPHURCREEK,J01-9995-1
SULPHURCREEK,J03-9190-1
SULPHURCREEK,J03-9199-1
SULPHURCREEK,J03-9199-2
SULPHURCREEK,J03-9215-1
SULPHURCREEK,J03-9215-2
SULPHURCREEK,J03-9215-3
SULPHURCREEK,J03-9215-4
SULPHURCREEK,J03-9215-5
SULPHURCREEK,J03-9215-6
SULPHURCREEK,J03-9216-1 (J03P01)
SULPHURCREEK,J03-9216-2
SULPHURCREEK,J03-9216-3
SULPHURCREEK,J03-9216-5
SULPHURCREEK,J03-9221-1 (J03P02)
SULPHURCREEK,J03-9234-1
SULPHURCREEK,J03-9234-2
SULPHURCREEK,J03-9234-3
SULPHURCREEK,J03-9234-4
SULPHURCREEK,J03-9234-5
SULPHURCREEK,J03-9234-6
SULPHURCREEK,J03-9234-7
SULPHURCREEK,J03-9234-8
SULPHURCREEK,J03-9368-1 (J03TBN1)
SULPHURCREEK,J03-9368-2 (J03TBN2)
SULPHURCREEK,J04-9249-1
SULPHURCREEK,J05-9255-1 (J05P01)
SULPHURCREEK,J05-9271-1
SULPHURCREEK,J05-9271-2
SULPHURCREEK,J05-9271-3
SULPHURCREEK,J05-9271-4
SULPHURCREEK,J05-9271-5
SULPHURCREEK,J05-9271-6
SULPHURCREEK,J05-9271-7
SULPHURCREEK,J05-9800-1
SULPHURCREEK,K01-12032-1
SULPHURCREEK,K01-12032-2 (K01P11)
SULPHURCREEK,K01-12032-3
SULPHURCREEK,K01-12036-1
SULPHURCREEK,K01-12036-10
SULPHURCREEK,K01-12036-5
SULPHURCREEK,K01-12036-6
SULPHURCREEK,K01-12036-7
SULPHURCREEK,K01-12036-8
SULPHURCREEK,K01-12036-9
SULPHURCREEK,K01-12046-1
SULPHURCREEK,K01-12046-2
SULPHURCREEK,K01-12046-3
SULPHURCREEK,K01-12058-1 (K01P08)
SULPHURCREEK,K01-12058-2 (K01P09)
SULPHURCREEK,K01-12062-1
SULPHURCREEK,K01-12062-2
SULPHURCREEK,K01-12138-1 (K01TBN1)
SULPHURCREEK,K01-12155-1
SULPHURCREEK,K01-12155-2
SULPHURCREEK,K01-12155-3
SULPHURCREEK,K01-12155-4
SULPHURCREEK,K01-12155-5
SULPHURCREEK,K01-12155-6
SULPHURCREEK,K01-12155-7
SULPHURCREEK,K01-12156-1
SULPHURCREEK,K01-12156-2
SULPHURCREEK,K01-12156-3
SULPHURCREEK,K01-12156-4
SULPHURCREEK,K01-12156-5
SULPHURCREEK,K01-12156-5
SULPHURCREEK,K01-12156-6
SULPHURCREEK,K01-12177-1 (K01P07)
SULPHURCREEK,L02-108-1
SULPHURCREEK,L02-359-1 (L02P43)
SULPHURCREEK,L02-366-1 (MVL02P14)
SULPHURCREEK,L02-366-2 (MVL02P14)
SULPHURCREEK,L02-374-1 (L02P50)
SULPHURCREEK,L02-374-2 (MVL02P20)
SULPHURCREEK,L02-396-1
SULPHURCREEK,L02-401-1
SULPHURCREEK,L02-401-2 (COL02P55)
SULPHURCREEK,L02-412-1
SULPHURCREEK,L02-412-2
SULPHURCREEK,L02-502-1
SULPHURCREEK,L02-502-2
SULPHURCREEK,L02-502-3
SULPHURCREEK,L02-502-4
SULPHURCREEK,L02-502-5
SULPHURCREEK,L02-502-6
SULPHURCREEK,L02-524-1
SULPHURCREEK,L02-714-1
SULPHURCREEK,L03-377-1
SULPHURCREEK,L03-418-1
SULPHURCREEK,L03-418-2
SULPHURCREEK,L03-418-3
SULPHURCREEK,L03-418-4
SULPHURCREEK,L03-418-5
SULPHURCREEK,L03-418-6
SULPHURCREEK,L03-418-7
SULPHURCREEK,L03-418-8
SULPHURCREEK,L03-418-9
SULPHURCREEK,L03-437-1
SULPHURCREEK,L03-455-1
SULPHURCREEK,L03-455-2
SULPHURCREEK,L03-455-3 (L03P37)
SULPHURCREEK,L03-455-4
SULPHURCREEK,L03-455-5
SULPHURCREEK,L03-455-6
SULPHURCREEK,L03-455-7
SULPHURCREEK,L03-497-1
SULPHURCREEK,L03-708-1
SULPHURCREEK,L03-708-10
SULPHURCREEK,L03-708-11 (L03P05)
SULPHURCREEK,L03-708-12
SULPHURCREEK,L03-708-13
SULPHURCREEK,L03-708-14
SULPHURCREEK,L03-708-2
SULPHURCREEK,L03-708-3
SULPHURCREEK,L03-708-4
SULPHURCREEK,L03-708-5
SULPHURCREEK,L03-708-6
SULPHURCREEK,L03-708-7
SULPHURCREEK,L03-708-8
SULPHURCREEK,L03-708-9
SULPHURCREEK,L04-702-1 (L04P02)
SULPHURCREEK,L04-702-2 (L04P02)
SULPHURCREEK,L04-702-3
SULPHURCREEK,L04-702-4
SULPHURCREEK,L05-049-1
SULPHURCREEK,L05-049-2
SULPHURCREEK,L05-453-1
SULPHURCREEK,L05-489-1
SULPHURCREEK,L05-489-2
SULPHURCREEK,L05-489-3
SULPHURCREEK,L05-489-3d
SULPHURCREEK,L05-489-4
SULPHURCREEK,L05-489-5
SULPHURCREEK,L05-489-6
SULPHURCREEK,L05-489-7
SULPHURCREEK,L05-501-1
SULPHURCREEK,L05-501-2
TRABUCO,J01-10012-1
TRABUCO,J01-10012-2
TRABUCO,J01-10012-3
TRABUCO,J01-10012-4
TRABUCO,J01-10012-5
TRABUCO,J01-10012-6
TRABUCO,J01-9033-1
TRABUCO,J01-9033-2
TRABUCO,J01-9036-1
TRABUCO,L01-125-1
TRABUCO,L01-125-2
TRABUCO,L01-125-3
TRABUCO,L01-218-1
TRABUCO,L01-218-2
TRABUCO,L01-218-3
TRABUCO,L01-218-4
TRABUCO,L01-223-1 (L08TBN1)
TRABUCO,L01-223-2
TRABUCO,L01-242-1 (L07P16)
TRABUCO,L01-261-1
TRABUCO,L01-261-2
TRABUCO,L01-261-3
TRABUCO,L01-261-4
TRABUCO,L01-261-5
TRABUCO,L01-283-1
TRABUCO,L01-303-1
TRABUCO,L01-303-2
TRABUCO,L01-303-3
TRABUCO,L01-303-4
TRABUCO,L01-303-5
TRABUCO,L01-340-1
TRABUCO,L01-341-1
TRABUCO,L01-350-1
TRABUCO,L01-372-1
TRABUCO,L01-372-2
TRABUCO,L01-391-1
TRABUCO,L01-391-2
TRABUCO,L01-391-3
TRABUCO,L01-391-4
TRABUCO,L01-399-1
TRABUCO,L01-399-2
TRABUCO,L01-404-1
TRABUCO,L01-404-2
TRABUCO,L01-414-1
TRABUCO,L01-414-2
TRABUCO,L01-414-3
TRABUCO,L01-414-4
TRABUCO,L01-730-1
TRABUCO,L01-731-1 (L08TBN2)
TRABUCO,L01-731-2
TRABUCO,L01-733-1
TRABUCO,L01-733-2
TRABUCO,L01-733-3
TRABUCO,L01-733-4
TRABUCO,L01-733-5
TRABUCO,L01-733-6
TRABUCO,L01-759-1
TRABUCO,L01-760-1
TRABUCO,L01-760-2
TRABUCO,L01-760-3
TRABUCO,L02-166-1 (L02PXX)
TRABUCO,L02-166-2 (L02P25)
TRABUCO,L02-166-3 (L02P26)
TRABUCO,L02-198-1 (L02P29)
TRABUCO,L02-204-1 (L02P45)
TRABUCO,L02-246-1 (L11P01)
TRABUCO,L02-622-1 (L02P28)
TRABUCO,L02-622-2 (L02P32)
TRABUCO,L02-640-1 (L11P02)
TRABUCO,L02-641-1
TRABUCO,L02-641-2
TRABUCO,L03-073-1
TRABUCO,L03-073-2
TRABUCO,L03-073-3
TRABUCO,L03-073-4
TRABUCO,L03-073-5
TRABUCO,L03-074-1 (L03B01)
TRABUCO,L03-141-1
TRABUCO,L03-141-2
TRABUCO,L03-141-3
TRABUCO,L03-142-1 (L03P24)
TRABUCO,L03-172-1
TRABUCO,L03-172-2
TRABUCO,L03-172-3
TUCKER,J01-9031-1
TUCKER,J01-9040-1
